--
-- 테이블 구조 `DEFECTIVE_CAT`
--

CREATE TABLE `DEFECTIVE_CAT` (
  `no` int(11) NOT NULL,
  `CATEGORY` varchar(30) NOT NULL,
  `level` int(11) DEFAULT NULL,
  `etc` varchar(50) DEFAULT NULL
) ENGINE=InnoDB DEFAULT CHARSET=utf8;

--
-- 테이블의 덤프 데이터 `DEFECTIVE_CAT`
--

INSERT INTO `DEFECTIVE_CAT` (`no`, `CATEGORY`, `level`, `etc`) VALUES
(5, '검수', NULL, NULL),
(7, '기타', NULL, NULL),
(3, '봉재불량', NULL, NULL),
(6, '외주', NULL, NULL),
(1, '원단불량', NULL, NULL),
(4, '장비불량', NULL, NULL),
(2, '재단불량', NULL, NULL);

-- --------------------------------------------------------

--
-- 테이블 구조 `DEFECTIVE_DATA`
--

CREATE TABLE `DEFECTIVE_DATA` (
  `no` int(11) NOT NULL,
  `DATE` date NOT NULL,
  `PART` varchar(20) NOT NULL,
  `CATEGORY` varchar(30) NOT NULL,
  `SUB_CATEGORY` varchar(30) NOT NULL,
  `COUNT` int(11) NOT NULL,
  `SUM` int(11) DEFAULT NULL,
  `ETC` varchar(30) DEFAULT NULL,
  `CREATED_DATE` timestamp NOT NULL DEFAULT current_timestamp()
) ENGINE=InnoDB DEFAULT CHARSET=utf8;

--
-- 테이블의 덤프 데이터 `DEFECTIVE_DATA`
--

INSERT INTO `DEFECTIVE_DATA` (`no`, `DATE`, `PART`, `CATEGORY`, `SUB_CATEGORY`, `COUNT`, `SUM`, `ETC`, `CREATED_DATE`) VALUES
(1, '2024-04-15', 'KAB', '장비불량', '체인불량', 4, NULL, NULL, '2024-04-29 17:08:38'),
(2, '2024-04-01', 'SAB', '재단불량', '탭커팅', 1, NULL, NULL, '2024-04-29 17:09:38'),
(3, '2024-04-01', 'KAB', '원단불량', '원단오염', 5, NULL, NULL, '2024-04-29 17:10:38'),
(4, '2024-04-01', 'KAB', '봉재불량', '밑실부족', 15, NULL, NULL, '2024-04-29 17:11:38'),
(5, '2024-04-01', 'DAB', '장비불량', '체인불량', 3, NULL, NULL, '2024-04-29 17:12:38'),
(6, '2024-04-01', 'DAB', '원단불량', '원단오염', 1, NULL, NULL, '2024-04-29 17:13:38'),
(7, '2024-04-02', 'KAB', '봉재불량', '밑실부족', 26, NULL, NULL, '2024-04-29 17:14:38'),
(8, '2024-04-02', 'KAB', '원단불량', '원단오염', 8, NULL, NULL, '2024-04-29 17:15:38'),
(9, '2024-04-02', 'KAB', '재단불량', '벤트홀불량', 1, NULL, NULL, '2024-04-29 17:16:38'),
(10, '2024-04-02', 'KAB', '장비불량', '땀뜸', 1, NULL, NULL, '2024-04-29 17:17:38'),
(11, '2024-04-02', 'DAB', '원단불량', '원단오염', 1, NULL, NULL, '2024-04-29 17:18:38'),
(12, '2024-04-02', 'DAB', '장비불량', '체인불량', 1, NULL, NULL, '2024-04-29 17:19:38'),
(13, '2024-04-03', 'DAB', '장비불량', '체인불량', 1, NULL, NULL, '2024-04-29 17:20:38'),
(14, '2024-04-03', 'KAB', '봉재불량', '밑실부족', 32, NULL, NULL, '2024-04-29 17:21:38'),
(15, '2024-04-03', 'KAB', '원단불량', '원단손상', 3, NULL, NULL, '2024-04-29 17:22:38'),
(16, '2024-04-03', 'KAB', '장비불량', '땀뜸', 5, NULL, NULL, '2024-04-29 17:23:38'),
(18, '2024-04-04', 'KAB', '장비불량', '땀뜸', 5, NULL, NULL, '2024-04-29 17:25:38'),
(19, '2024-04-04', 'KAB', '봉재불량', '밑실부족', 15, NULL, NULL, '2024-04-29 17:26:38'),
(20, '2024-04-04', 'KAB', '원단불량', '원단오염', 3, NULL, NULL, '2024-04-29 17:27:38'),
(21, '2024-04-04', 'KAB', '장비불량', '체인불량', 4, NULL, NULL, '2024-04-29 17:28:38'),
(22, '2024-04-04', 'KAB', '봉재불량', '부품추가', 1, NULL, NULL, '2024-04-29 17:29:38'),
(24, '2024-04-05', 'KAB', '원단불량', '원단오염', 4, NULL, NULL, '2024-04-29 17:31:38'),
(25, '2024-04-05', 'KAB', '봉재불량', '밑실부족', 5, NULL, NULL, '2024-04-29 17:32:38'),
(26, '2024-04-05', 'KAB', '봉재불량', '접힘', 1, NULL, NULL, '2024-04-29 17:33:38'),
(27, '2024-04-05', 'SAB', '장비불량', '체인불량', 4, NULL, NULL, '2024-04-29 17:34:38'),
(28, '2024-04-05', 'KAB', '장비불량', '원점이탈', 6, NULL, NULL, '2024-04-29 17:35:38'),
(29, '2024-04-05', 'SAB', '장비불량', '원점이탈', 6, NULL, NULL, '2024-04-29 17:36:38'),
(30, '2024-04-08', 'KAB', '원단불량', '원단손상', 9, NULL, NULL, '2024-04-29 17:37:38'),
(31, '2024-04-08', 'KAB', '원단불량', '원단오염', 2, NULL, NULL, '2024-04-29 17:38:38'),
(32, '2024-04-08', 'KAB', '봉재불량', '실끓어짐', 7, NULL, NULL, '2024-04-29 17:39:38'),
(33, '2024-04-08', 'KAB', '장비불량', '체인불량', 5, NULL, NULL, '2024-04-29 17:40:38'),
(34, '2024-04-08', 'KAB', '장비불량', '땀뜸', 13, NULL, NULL, '2024-04-29 17:41:38'),
(35, '2024-04-08', 'KAB', '장비불량', '실끓어짐', 4, NULL, NULL, '2024-04-29 17:42:38'),
(36, '2024-04-09', 'KAB', '원단불량', '원단손상', 4, NULL, NULL, '2024-04-29 17:43:38'),
(37, '2024-04-09', 'SAB', '원단불량', '원단오염', 3, NULL, NULL, '2024-04-29 17:44:38'),
(38, '2024-04-09', 'KAB', '재단불량', '벤트홀불량', 1, NULL, NULL, '2024-04-29 17:45:38'),
(39, '2024-04-09', 'KAB', '봉재불량', '밑실부족', 4, NULL, NULL, '2024-04-29 17:46:38'),
(40, '2024-04-09', 'KAB', '봉재불량', '접힘', 1, NULL, NULL, '2024-04-29 17:47:38'),
(41, '2024-04-09', 'KAB', '장비불량', '체인불량', 5, NULL, NULL, '2024-04-29 17:48:38'),
(42, '2024-04-09', 'KAB', '장비불량', '땀뜸', 1, NULL, NULL, '2024-04-29 17:49:38'),
(43, '2024-04-09', 'KAB', '장비불량', '원점이탈', 12, NULL, NULL, '2024-04-29 17:50:38'),
(44, '2024-04-09', 'KAB', '봉재불량', '실끓어짐', 7, NULL, NULL, '2024-04-29 17:51:38'),
(45, '2024-04-09', 'KAB', '장비불량', '땀뜸', 3, NULL, NULL, '2024-04-29 17:52:38'),
(46, '2024-04-09', 'KAB', '장비불량', '체인불량', 2, NULL, NULL, '2024-04-29 17:53:38'),
(48, '2024-04-09', 'SAB', '원단불량', '원단오염', 1, NULL, NULL, '2024-04-29 17:55:38'),
(49, '2024-04-09', 'SAB', '봉재불량', '심벤트불량', 5, NULL, NULL, '2024-04-29 17:56:38'),
(50, '2024-04-11', 'SAB', '원단불량', '원단오염', 3, NULL, NULL, '2024-04-29 17:57:38'),
(51, '2024-04-11', 'DAB', '원단불량', '원단오염', 1, NULL, NULL, '2024-04-29 17:58:38'),
(52, '2024-04-11', 'DAB', '재단불량', '탭커팅', 1, NULL, NULL, '2024-04-29 17:59:38'),
(53, '2024-04-11', 'SAB', '봉재불량', '밑실부족', 1, NULL, NULL, '2024-04-29 18:00:38'),
(54, '2024-04-11', 'SAB', '장비불량', '실끓어짐', 1, NULL, NULL, '2024-04-29 18:01:38'),
(55, '2024-04-11', 'DAB', '장비불량', '실끓어짐', 1, NULL, NULL, '2024-04-29 18:02:38'),
(56, '2024-04-11', 'SAB', '장비불량', '체인불량', 3, NULL, NULL, '2024-04-29 18:03:38'),
(57, '2024-04-11', 'DAB', '장비불량', '체인불량', 3, NULL, NULL, '2024-04-29 18:04:38'),
(58, '2024-04-11', 'SAB', '봉재불량', '밑실부족', 6, NULL, NULL, '2024-04-29 18:05:38'),
(59, '2024-04-11', 'SAB', '장비불량', '밑실끓어짐', 4, NULL, NULL, '2024-04-29 18:06:38'),
(60, '2024-04-11', 'DAB', '장비불량', '체인불량', 6, NULL, NULL, '2024-04-29 18:07:38'),
(61, '2024-04-12', 'SAB', '원단불량', '원단오염', 1, NULL, NULL, '2024-04-29 18:08:38'),
(62, '2024-04-12', 'KAB', '원단불량', '원단오염', 1, NULL, NULL, '2024-04-29 18:09:38'),
(63, '2024-04-12', 'DAB', '봉재불량', '마감봉재', 1, NULL, NULL, '2024-04-29 18:10:38'),
(64, '2024-04-12', 'KAB', '봉재불량', '접힘', 3, NULL, NULL, '2024-04-29 18:11:38'),
(65, '2024-04-12', 'KAB', '장비불량', '체인불량', 1, NULL, NULL, '2024-04-29 18:12:38'),
(66, '2024-04-12', 'SAB', '장비불량', '체인불량', 1, NULL, NULL, '2024-04-29 18:13:38'),
(67, '2024-04-12', 'SAB', '장비불량', '체인불량', 1, NULL, NULL, '2024-04-29 18:14:38'),
(68, '2024-04-12', 'SAB', '장비불량', '밑실끓어짐', 10, NULL, NULL, '2024-04-29 18:15:38'),
(69, '2024-04-15', 'SAB', '원단불량', '원단손상', 2, NULL, NULL, '2024-04-29 18:16:38'),
(70, '2024-04-15', 'SAB', '장비불량', '접힘', 1, NULL, NULL, '2024-04-29 18:17:38'),
(71, '2024-04-15', 'KAB', '장비불량', '체인불량', 1, NULL, NULL, '2024-04-29 18:18:38'),
(72, '2024-04-15', 'KAB', '장비불량', '밑실불량', 5, NULL, NULL, '2024-04-29 18:19:38'),
(73, '2024-04-15', 'SAB', '장비불량', '밑실끓어짐', 8, NULL, NULL, '2024-04-29 18:20:38'),
(74, '2024-04-15', 'SAB', '장비불량', '체인불량', 1, NULL, NULL, '2024-04-29 18:21:38'),
(75, '2024-04-15', 'SAB', '봉재불량', '부품추가', 2, NULL, NULL, '2024-04-29 18:22:38'),
(76, '2024-04-16', 'SAB', '원단불량', '원단오염', 11, NULL, NULL, '2024-04-29 18:23:38'),
(77, '2024-04-16', 'SAB', '장비불량', '밑실불량', 7, NULL, NULL, '2024-04-29 18:24:38'),
(78, '2024-04-16', 'SAB', '장비불량', '밑실불량', 1, NULL, NULL, '2024-04-29 18:25:38'),
(79, '2024-04-16', 'SAB', '봉재불량', '밑실부족', 1, NULL, NULL, '2024-04-29 18:26:38'),
(80, '2024-04-16', 'SAB', '재단불량', '벤트홀불량', 10, NULL, NULL, '2024-04-29 18:27:38'),
(81, '2024-04-16', 'SAB', '장비불량', '밑실끓어짐', 3, NULL, NULL, '2024-04-29 18:28:38'),
(82, '2024-04-17', 'SAB', '원단불량', '원단손상', 4, NULL, NULL, '2024-04-29 18:29:38'),
(83, '2024-04-17', 'SAB', '원단불량', '원단손상', 4, NULL, NULL, '2024-04-29 18:30:38'),
(84, '2024-04-17', 'SAB', '봉재불량', '밑실부족', 3, NULL, NULL, '2024-04-29 18:31:38'),
(85, '2024-04-17', 'KAB', '봉재불량', '밑실부족', 3, NULL, NULL, '2024-04-29 18:32:38'),
(86, '2024-04-17', 'SAB', '봉재불량', '접힘', 1, NULL, NULL, '2024-04-29 18:33:38'),
(87, '2024-04-17', 'SAB', '장비불량', '밑실불량', 6, NULL, NULL, '2024-04-29 18:34:38'),
(88, '2024-04-17', 'KAB', '장비불량', '밑실불량', 7, NULL, NULL, '2024-04-29 18:35:38'),
(89, '2024-04-17', 'KAB', '장비불량', '체인불량', 4, NULL, NULL, '2024-04-29 18:36:38'),
(90, '2024-04-18', 'SAB', '장비불량', '체인불량', 6, NULL, NULL, '2024-04-29 18:37:38'),
(91, '2024-04-18', 'KAB', '장비불량', '밑실불량', 7, NULL, NULL, '2024-04-29 18:38:38'),
(92, '2024-04-18', 'KAB', '봉재불량', '이탈', 1, NULL, NULL, '2024-04-29 18:39:38'),
(93, '2024-04-18', 'KAB', '장비불량', '체인불량', 1, NULL, NULL, '2024-04-29 18:40:38'),
(94, '2024-04-18', 'KAB', '장비불량', '원점이탈', 2, NULL, NULL, '2024-04-29 18:41:38'),
(95, '2024-04-18', 'CENTER', '장비불량', '체인불량', 1, NULL, NULL, '2024-04-29 18:42:38'),
(96, '2024-04-18', 'SAB', '봉재불량', '접힘', 23, NULL, NULL, '2024-04-29 18:43:38'),
(97, '2024-04-19', 'KAB', '원단불량', '원단손상', 3, NULL, NULL, '2024-04-29 18:44:38'),
(98, '2024-04-19', 'CENTER', '원단불량', '원단손상', 1, NULL, NULL, '2024-04-29 18:45:38'),
(99, '2024-04-19', 'SAB', '재단불량', '탭커팅', 8, NULL, NULL, '2024-04-29 18:46:38'),
(100, '2024-04-19', 'KAB', '재단불량', '탭커팅', 1, NULL, NULL, '2024-04-29 18:47:38'),
(101, '2024-04-19', 'CENTER', '봉재불량', '마감봉재', 1, NULL, NULL, '2024-04-29 18:48:38'),
(102, '2024-04-19', 'KAB', '장비불량', '체인불량', 2, NULL, NULL, '2024-04-29 18:49:38'),
(103, '2024-04-19', 'CENTER', '장비불량', '체인불량', 2, NULL, NULL, '2024-04-29 18:50:38'),
(104, '2024-04-19', 'KAB', '봉재불량', '접힘', 1, NULL, NULL, '2024-04-29 18:51:38'),
(105, '2024-04-19', 'CENTER', '장비불량', '땀뜸', 4, NULL, NULL, '2024-04-29 18:52:38'),
(106, '2024-04-19', 'SAB', '장비불량', '체인불량', 2, NULL, NULL, '2024-04-29 18:53:38'),
(108, '2024-04-22', 'KAB', '원단불량', '원단손상', 1, NULL, NULL, '2024-04-29 18:55:38'),
(109, '2024-04-22', 'KAB', '원단불량', '원단오염', 5, NULL, NULL, '2024-04-29 18:56:38'),
(110, '2024-04-22', 'CENTER', '원단불량', '원단오염', 1, NULL, NULL, '2024-04-29 18:57:38'),
(111, '2024-04-22', 'CENTER', '봉재불량', '밑실부족', 3, NULL, NULL, '2024-04-29 18:58:38'),
(112, '2024-04-22', 'CENTER', '장비불량', '밑실불량', 6, NULL, NULL, '2024-04-29 18:59:38'),
(113, '2024-04-22', 'KAB', '장비불량', '체인불량', 1, NULL, NULL, '2024-04-29 19:00:38'),
(114, '2024-04-22', 'CENTER', '장비불량', '땀뜸', 1, NULL, NULL, '2024-04-29 19:01:38'),
(115, '2024-04-22', 'CENTER', '원단불량', '원단오염', 3, NULL, NULL, '2024-04-29 19:02:38'),
(116, '2024-04-22', 'KAB', '원단불량', '원단오염', 1, NULL, NULL, '2024-04-29 19:03:38'),
(117, '2024-04-23', 'KAB', '원단불량', '원단오염', 1, NULL, NULL, '2024-04-29 19:04:38'),
(118, '2024-04-23', 'KAB', '재단불량', '탭커팅', 4, NULL, NULL, '2024-04-29 19:05:38'),
(119, '2024-04-23', 'KAB', '봉재불량', '밑실부족', 3, NULL, NULL, '2024-04-29 19:06:38'),
(120, '2024-04-23', 'KAB', '장비불량', '체인불량', 1, NULL, NULL, '2024-04-29 19:07:38'),
(121, '2024-04-23', 'KAB', '장비불량', '체인불량', 1, NULL, NULL, '2024-04-29 19:08:38'),
(122, '2024-04-23', 'KAB', '장비불량', '밑실끓어짐', 1, NULL, NULL, '2024-04-29 19:09:38'),
(123, '2024-04-23', 'KAB', '원단불량', '원단손상', 3, NULL, NULL, '2024-04-29 19:10:38'),
(124, '2024-04-23', 'KAB', '장비불량', '밑실불량', 4, NULL, NULL, '2024-04-29 19:11:38'),
(126, '2024-04-24', 'DAB', '원단불량', '원단오염', 6, NULL, NULL, '2024-04-29 19:13:38'),
(127, '2024-04-24', 'CENTER', '원단불량', '원단오염', 2, NULL, NULL, '2024-04-29 19:14:38'),
(128, '2024-04-24', 'KAB', '원단불량', '원단오염', 2, NULL, NULL, '2024-04-29 19:15:38'),
(129, '2024-04-24', 'KAB', '장비불량', '땀뜸', 4, 0, NULL, '2024-04-29 19:16:38'),
(130, '2024-04-24', 'SAB', '장비불량', '땀뜸', 2, 0, NULL, '2024-04-29 19:17:38'),
(131, '2024-04-24', 'DAB', '장비불량', '원점이탈', 1, 0, NULL, '2024-04-29 19:18:38'),
(132, '2024-04-24', 'KAB', '장비불량', '체인불량', 1, 0, NULL, '2024-04-29 19:19:38'),
(133, '2024-04-25', 'DAB', '원단불량', '원단오염', 2, 0, NULL, '2024-04-29 19:20:38'),
(134, '2024-04-25', 'DAB', '봉재불량', '이탈', 2, 0, NULL, '2024-04-29 19:21:38'),
(135, '2024-04-25', 'DAB', '장비불량', '밑실불량', 2, 0, NULL, '2024-04-29 19:22:38'),
(136, '2024-04-25', 'DAB', '원단불량', '원단오염', 1, NULL, NULL, '2024-04-29 19:23:38'),
(137, '2024-04-25', 'KAB', '재단불량', '벤트홀불량', 1, NULL, NULL, '2024-04-29 19:24:38'),
(138, '2024-04-25', 'KAB', '장비불량', '체인불량', 1, NULL, NULL, '2024-04-29 19:25:38'),
(139, '2024-04-26', 'KAB', '원단불량', '원단손상', 6, NULL, NULL, '2024-04-29 19:26:38'),
(140, '2024-04-26', 'KAB', '재단불량', '탭커팅', 4, NULL, NULL, '2024-04-29 19:27:38'),
(141, '2024-04-26', 'KAB', '장비불량', '땀뜸', 1, NULL, NULL, '2024-04-29 19:28:38'),
(142, '2024-04-26', 'KAB', '장비불량', '밑실불량', 6, NULL, NULL, '2024-04-29 19:29:38'),
(143, '2024-04-26', 'KAB', '장비불량', '밑실끓어짐', 2, NULL, NULL, '2024-04-29 19:30:38'),
(144, '2024-04-26', 'KAB', '봉재불량', '부품누락', 1, NULL, NULL, '2024-04-29 19:31:38'),
(145, '2024-04-29', 'SAB', '재단불량', '탭커팅', 7, NULL, NULL, '2024-04-29 19:32:38'),
(146, '2024-04-29', 'KAB', '봉재불량', '밑실부족', 1, NULL, NULL, '2024-04-29 19:33:38'),
(147, '2024-04-29', 'SAB', '봉재불량', '이탈', 1, NULL, NULL, '2024-04-29 19:34:38'),
(148, '2024-04-29', 'CENTER', '봉재불량', '이탈', 2, NULL, NULL, '2024-04-29 19:35:38'),
(149, '2024-04-29', 'SAB', '장비불량', '땀뜸', 1, NULL, NULL, '2024-04-29 19:36:38'),
(150, '2024-04-29', 'CENTER', '장비불량', '밑실불량', 4, NULL, NULL, '2024-04-29 19:37:38'),
(151, '2024-04-29', 'KAB', '장비불량', '체인불량', 1, NULL, NULL, '2024-04-29 19:38:38'),
(152, '2024-04-29', 'SAB', '장비불량', '밑실불량', 1, NULL, NULL, '2024-04-29 19:39:38'),
(153, '2024-04-30', 'KAB', '원단불량', '원단손상', 1, NULL, NULL, '2024-04-29 19:40:38'),
(154, '2024-04-30', 'CENTER', '봉재불량', '밑실부족', 2, NULL, NULL, '2024-04-29 19:41:38'),
(155, '2024-04-30', 'SAB', '원단불량', '원단오염', 3, NULL, NULL, '2024-04-29 19:42:38'),
(156, '2024-04-30', 'CENTER', '봉재불량', '접힘', 1, NULL, NULL, '2024-04-29 19:43:38'),
(157, '2024-04-30', 'KAB', '장비불량', '땀뜸', 1, NULL, NULL, '2024-04-29 19:44:38'),
(158, '2024-04-30', 'CENTER', '장비불량', '밑실끓어짐', 2, NULL, NULL, '2024-04-29 19:45:38'),
(159, '2024-04-03', 'KAB', '검수', '미분류', 7, NULL, NULL, '2024-04-30 06:49:57'),
(160, '2024-04-03', 'KAB', '검수', '체인불량', 2, NULL, NULL, '2024-04-30 06:50:52'),
(161, '2024-04-09', 'SAB', '외주', '기타', 2, NULL, NULL, '2024-04-30 06:53:01'),
(162, '2024-04-19', 'SAB', '외주', '외주불량', 1, NULL, NULL, '2024-04-30 06:53:01'),
(163, '2024-04-23', 'KAB', '기타', '기타', 1, NULL, NULL, '2024-04-30 06:53:16'),
(164, '2024-04-30', 'CENTER', '기타', '미분류', 14, NULL, NULL, '2024-04-30 06:53:16'),
(166, '2024-05-02', 'KAB', '원단불량', '원단오염', 4, 0, '', '2024-05-02 08:10:20'),
(167, '2024-05-02', 'SAB', '원단불량', '원단손상', 1, 0, '', '2024-05-02 08:10:42'),
(168, '2024-05-02', 'SAB', '봉재불량', '밑실부족', 1, 0, '', '2024-05-02 08:11:00'),
(169, '2024-05-02', 'SAB', '봉재불량', '부품누락', 1, 0, '', '2024-05-02 08:11:17'),
(170, '2024-05-02', 'SAB', '봉재불량', '부품변경', 14, 0, '부품구분 잘 안됨', '2024-05-02 08:19:39'),
(171, '2024-05-02', 'KAB', '장비불량', '체인불량', 1, 0, '', '2024-05-02 08:20:09'),
(172, '2024-05-02', 'KAB', '장비불량', '밑실끓어짐', 1, 0, '', '2024-05-02 08:20:40'),
(173, '2024-05-03', 'SAB', '원단불량', '원단오염', 2, 0, '', '2024-05-03 08:01:45'),
(174, '2024-05-03', 'SAB', '재단불량', '탭커팅', 2, 0, '', '2024-05-03 08:02:19'),
(175, '2024-05-03', 'CAB', '재단불량', '탭커팅', 1, 0, '', '2024-05-03 08:02:29'),
(176, '2024-05-03', 'KAB', '재단불량', '탭커팅', 1, 0, '', '2024-05-03 08:02:34'),
(177, '2024-05-03', 'SAB', '봉재불량', '밑실부족', 1, 0, '', '2024-05-03 08:02:59'),
(178, '2024-05-03', 'SAB', '장비불량', '밑실불량', 1, 0, '', '2024-05-03 08:03:43'),
(179, '2024-05-03', 'CENTER', '장비불량', '밑실불량', 1, 0, '', '2024-05-03 08:03:50'),
(180, '2024-05-03', 'CENTER', '장비불량', '원점이탈', 9, 0, '', '2024-05-03 08:04:43'),
(181, '2024-05-03', 'SAB', '장비불량', '원점이탈', 1, 0, '', '2024-05-03 08:04:51');

-- --------------------------------------------------------

--
-- 테이블 구조 `DEFECTIVE_SUB_CAT`
--

CREATE TABLE `DEFECTIVE_SUB_CAT` (
  `no` int(11) NOT NULL,
  `SUB_CATEGORY` varchar(30) NOT NULL,
  `PARENT_CAT` varchar(20) NOT NULL,
  `level` int(11) DEFAULT NULL
) ENGINE=InnoDB DEFAULT CHARSET=utf8;

--
-- 테이블의 덤프 데이터 `DEFECTIVE_SUB_CAT`
--

INSERT INTO `DEFECTIVE_SUB_CAT` (`no`, `SUB_CATEGORY`, `PARENT_CAT`, `level`) VALUES
(24, '기타', '기타', NULL),
(18, '땀뜸', '장비불량', NULL),
(10, '땀수', '봉재불량', NULL),
(22, '라벨누락', '검수', NULL),
(13, '마감봉재', '봉재불량', NULL),
(25, '미분류', '검수', NULL),
(20, '밑실끓어짐', '장비불량', NULL),
(6, '밑실부족', '봉재불량', NULL),
(19, '밑실불량', '장비불량', NULL),
(3, '벤트홀불량', '재단불량', NULL),
(8, '부품누락', '봉재불량', NULL),
(26, '부품변경', '봉재불량', NULL),
(9, '부품추가', '봉재불량', NULL),
(14, '실끓어짐', '봉재불량', NULL),
(5, '심벤트불량', '봉재불량', NULL),
(23, '외주불량', '외주', NULL),
(1, '원단손상', '원단불량', NULL),
(2, '원단오염', '원단불량', NULL),
(21, '원점이탈', '장비불량', NULL),
(11, '이물질추가', '봉재불량', NULL),
(16, '이탈', '봉재불량', NULL),
(7, '접힘', '봉재불량', NULL),
(17, '체인불량', '장비불량', NULL),
(15, '탭부착불량', '봉재불량', NULL),
(4, '탭커팅', '재단불량', NULL),
(12, '테더봉재불량', '봉재불량', NULL);


-- --------------------------------------------------------

--
-- 테이블 구조 `PD_NAME`
--

CREATE TABLE `PD_NAME` (
  `PART` varchar(50) NOT NULL,
  `DESCRIPTION` varchar(100) DEFAULT NULL,
  `PATERNER` varchar(50) DEFAULT NULL
) ENGINE=InnoDB DEFAULT CHARSET=utf8;

--
-- 테이블의 덤프 데이터 `PD_NAME`
--

INSERT INTO `PD_NAME` (`PART`, `DESCRIPTION`, `PATERNER`) VALUES
('CAB', NULL, NULL),
('CENTER', NULL, NULL),
('DAB', 'DAB ', NULL),
('KAB', NULL, NULL),
('PAB', NULL, NULL),
('SAB', NULL, NULL);

-- --------------------------------------------------------

--
-- 테이블 구조 `PD_PART_NAME`
--

CREATE TABLE `PD_PART_NAME` (
  `PART_NAME` varchar(50) NOT NULL,
  `WONDAN_CODE` varchar(30) NOT NULL,
  `DESCRIPTION` varchar(100) DEFAULT NULL,
  `PATERNER` varchar(50) DEFAULT NULL
) ENGINE=InnoDB DEFAULT CHARSET=utf8;

--
-- 테이블의 덤프 데이터 `PD_PART_NAME`
--

INSERT INTO `PD_PART_NAME` (`PART_NAME`, `WONDAN_CODE`, `DESCRIPTION`, `PATERNER`) VALUES
('CAB TAP', '', NULL, NULL),
('CAB 인어백', '', NULL, NULL),
('CENTER 메인', '', NULL, NULL),
('CENTER 테더', '', NULL, NULL),
('DAB Rear', '', NULL, NULL),
('DABFront', '', NULL, NULL),
('KAB 메인', '', NULL, NULL),
('KAB 테더', '', NULL, NULL),
('PAB TAP', '', NULL, NULL),
('SAB LH 메인', '', NULL, NULL),
('SAB RH 메인', '', NULL, NULL),
('SAB 테더', '', NULL, NULL),
('SR PARTS', '', NULL, NULL);

-- --------------------------------------------------------

--
-- 테이블 구조 `products`
--
-- --------------------------------------------------------

--
-- 테이블의 인덱스 `DEFECTIVE_CAT`
--
ALTER TABLE `DEFECTIVE_CAT`
  ADD PRIMARY KEY (`CATEGORY`);

--
-- 테이블의 인덱스 `DEFECTIVE_DATA`
--
ALTER TABLE `DEFECTIVE_DATA`
  ADD PRIMARY KEY (`no`),
  ADD KEY `fk_CATEGORY` (`CATEGORY`),
  ADD KEY `fk_SUB_CATEGORY` (`SUB_CATEGORY`),
  ADD KEY `fk_part` (`PART`);

--
-- 테이블의 인덱스 `DEFECTIVE_SUB_CAT`
--
ALTER TABLE `DEFECTIVE_SUB_CAT`
  ADD PRIMARY KEY (`SUB_CATEGORY`),
  ADD KEY `fk_parent_cat_name` (`PARENT_CAT`);


--
-- 테이블의 인덱스 `PD_NAME`
--
ALTER TABLE `PD_NAME`
  ADD PRIMARY KEY (`PART`);

--
-- 테이블의 인덱스 `PD_PART_NAME`
--
ALTER TABLE `PD_PART_NAME`
  ADD PRIMARY KEY (`PART_NAME`),
  ADD KEY `idx_WONDAN_CODE` (`WONDAN_CODE`);



-- 테이블의 AUTO_INCREMENT `DEFECTIVE_DATA`
--
ALTER TABLE `DEFECTIVE_DATA`
  MODIFY `no` int(11) NOT NULL AUTO_INCREMENT, AUTO_INCREMENT=183;




-- 테이블의 제약사항 `DEFECTIVE_DATA`
--
ALTER TABLE `DEFECTIVE_DATA`
  ADD CONSTRAINT `fk_CATEGORY` FOREIGN KEY (`CATEGORY`) REFERENCES `DEFECTIVE_CAT` (`CATEGORY`),
  ADD CONSTRAINT `fk_SUB_CATEGORY` FOREIGN KEY (`SUB_CATEGORY`) REFERENCES `DEFECTIVE_SUB_CAT` (`SUB_CATEGORY`),
  ADD CONSTRAINT `fk_part` FOREIGN KEY (`PART`) REFERENCES `PD_NAME` (`PART`);

--
-- 테이블의 제약사항 `DEFECTIVE_SUB_CAT`
--
ALTER TABLE `DEFECTIVE_SUB_CAT`
  ADD CONSTRAINT `fk_parent_cat_name` FOREIGN KEY (`PARENT_CAT`) REFERENCES `DEFECTIVE_CAT` (`CATEGORY`);


